{
  "ZONE_0": 0.2425000000000001,
  "ZONE_1": 0.3610000000000002,
  "ZONE_2": 0.1,
  "ZONE_3": 0.1
}