{
  "ZONE_0": 0.36400000000000016,
  "ZONE_1": 0.1,
  "ZONE_2": 0.3725000000000001,
  "ZONE_3": 0.3790000000000001
}